id;full_name;doc_proof_name;doc_proof_no;address;contact_no;email_address
1;Analyst deposit feed;Causeway;input;Peso RAM;Club Mouse;hack redundant
2;portal;Identity Fantastic;monitor Savings action-items;Buckinghamshire Arkansas;experiences;Bike Sleek
3;application deposit deposit;real-time Pataca back;Senior Bridge Peru;Rustic Account;Home Global withdrawal;Usability Kingdom FTP
4;generate;architecture overriding driver;optimal Account Dynamic;Automotive e-commerce systemic;Frozen;Rubber
5;Architect payment;Barbuda mission-critical gold;Games SSL generate;asymmetric supply-chains Bike;Configuration;Buckinghamshire JSON
6;Kazakhstan;Hat deliverables Loan;Intelligent Missouri;deposit magenta Electronics;Credit Division Account;SDD Streets synthesize
7;Pizza;Customer deposit;Fiji payment ivory;state feed;Mayotte panel;orchid Senegal
8;Director customized;calculate architectures Investor;Manager;compress Account purple;Borders;Games
9;invoice;red payment;port Som;granular Fish generating;Armenian Lodge deposit;Direct web-enabled Card
10;Money encompassing;PCI;e-tailers;Chair metrics Mauritius;Dinar Berkshire;compressing
